{
    "test_accuracy": 90.0,
    "test_loss": 0.2732999764382839,
    "classification_report": {
        "Normal": {
            "precision": 0.8333333333333334,
            "recall": 0.7142857142857143,
            "f1-score": 0.7692307692307692,
            "support": 49
        },
        "Loitering": {
            "precision": 0.9803921568627451,
            "recall": 0.9615384615384616,
            "f1-score": 0.970873786407767,
            "support": 52
        },
        "Boundary_Crossing": {
            "precision": 0.72,
            "recall": 0.75,
            "f1-score": 0.7346938775510204,
            "support": 48
        },
        "Fall": {
            "precision": 0.9107142857142857,
            "recall": 0.9807692307692307,
            "f1-score": 0.9444444444444444,
            "support": 52
        },
        "Aggression": {
            "precision": 0.9803921568627451,
            "recall": 1.0,
            "f1-score": 0.99009900990099,
            "support": 50
        },
        "Abandoned_Object": {
            "precision": 0.96,
            "recall": 0.9795918367346939,
            "f1-score": 0.9696969696969697,
            "support": 49
        },
        "accuracy": 0.9,
        "macro avg": {
            "precision": 0.8974719887955181,
            "recall": 0.8976975405546835,
            "f1-score": 0.8965064762053268,
            "support": 300
        },
        "weighted avg": {
            "precision": 0.8993015873015874,
            "recall": 0.9,
            "f1-score": 0.8985808794309088,
            "support": 300
        }
    },
    "roc_auc": {
        "Normal": 0.9723554760549638,
        "Loitering": 0.999612282878412,
        "Boundary_Crossing": 0.9579199735449735,
        "Fall": 0.997363523573201,
        "Aggression": 0.99968,
        "Abandoned_Object": 0.9995934628831612
    },
    "confusion_matrix": [
        [
            35,
            0,
            13,
            0,
            1,
            0
        ],
        [
            0,
            50,
            0,
            0,
            0,
            2
        ],
        [
            7,
            0,
            36,
            5,
            0,
            0
        ],
        [
            0,
            0,
            1,
            51,
            0,
            0
        ],
        [
            0,
            0,
            0,
            0,
            50,
            0
        ],
        [
            0,
            1,
            0,
            0,
            0,
            48
        ]
    ],
    "training_history": {
        "train_loss": [
            1.7951841787858442,
            1.7925212518735365,
            1.7874331311746077,
            1.7226382060484453,
            1.4835916242816232,
            1.431148501959714,
            1.3795855722644113,
            1.3662997402928092,
            1.2686199721964924,
            1.2304219806736165,
            1.151262191208926,
            1.058705904267051,
            1.0333732976154848,
            0.9621611345898021,
            0.9214377443898808,
            0.8771202618425543,
            0.8305593038147147,
            0.8044272620569576,
            0.7919617769393054,
            0.7445871274579655,
            0.7600556747479872,
            0.723126123574647,
            0.7073269858956337,
            0.6286976689642126,
            0.6719307621771639,
            0.6100411381233822,
            0.6105383031747558,
            0.6069617826830257,
            0.6237902803854509,
            0.5956679839979518,
            0.6378004280003634,
            0.5899529152295806,
            0.5875726965340701,
            0.5598527111790397,
            0.5149873772805388,
            0.5415708747777072,
            0.5424859401854601,
            0.5178115997802127,
            0.5322071063247594,
            0.5035519650713964,
            0.49820532311092725,
            0.4863442514430393,
            0.4675819616426121,
            0.49028064852411096,
            0.495620689608834,
            0.45649494230747223,
            0.45974937961860135,
            0.4351149181073362,
            0.4634612493894317,
            0.4002559147775173,
            0.4325511103326624,
            0.4309255758469755,
            0.41844969818537886,
            0.4112837670201605,
            0.4341318116269328,
            0.3719960136169737,
            0.3725298653272065,
            0.3770684569396756,
            0.3425667959858071,
            0.3731233321807601,
            0.3798987672410228,
            0.32147833925079217,
            0.347991480068727,
            0.3205373246561397,
            0.30868155221370136,
            0.369345792315223,
            0.3016145374964584,
            0.27386680838059296,
            0.26690312288701534,
            0.24548179131339898,
            0.22783243673091585,
            0.2326125232502818,
            0.28952233357862994,
            0.2563738152384758,
            0.250478740950877,
            0.2377481839873574,
            0.2614193477413871,
            0.2323661105368625,
            0.24038586697795175,
            0.2454380767250603,
            0.2439560458402742,
            0.25076082128692756,
            0.23780579467050053,
            0.217930926179344,
            0.23772915689782662,
            0.23069307648322798,
            0.22640473514117979,
            0.21045293201777068
        ],